YT2207321272056026,04/19/2022 15:40:00
YT2207321272050951,04/19/2022 15:40:00
YT2207321272046052,04/19/2022 15:40:00
YT2207321272044331,04/19/2022 15:40:00
YT2207321272044164,04/19/2022 15:40:00
YT2207321272042325,04/19/2022 15:40:00
YT2207321272037143,04/19/2022 15:40:00
YT2207321272036961,04/19/2022 15:40:00
YT2207321272036940,04/19/2022 15:40:00
YT2207321272033658,04/19/2022 15:40:00
YT2207321272033564,04/19/2022 15:40:00
YT2207321272029718,04/19/2022 15:40:00
YT2207321272028971,04/19/2022 15:40:00
YT2207321272028709,04/19/2022 15:40:00
YT2207321272012710,04/19/2022 15:40:00
YT2207321272003947,04/19/2022 15:40:00
YT2207321236037420,04/19/2022 15:40:00
YT2207321236036182,04/19/2022 15:40:00
YT2207321236036172,04/19/2022 15:40:00
YT2207321236031069,04/19/2022 15:40:00
YT2207321236031050,04/19/2022 15:40:00
YT2207321236029482,04/19/2022 15:40:00
YT2207321236029137,04/19/2022 15:40:00
YT2207321236028921,04/19/2022 15:40:00
YT2207321236028905,04/19/2022 15:40:00
YT2207321236027861,04/19/2022 15:40:00
YT2207321236026217,04/19/2022 15:40:00
YT2207321236025880,04/19/2022 15:40:00
YT2207321236025716,04/19/2022 15:40:00
YT2207321236024895,04/19/2022 15:40:00
YT2207321236024174,04/19/2022 15:40:00
YT2207321236024149,04/19/2022 15:40:00
YT2207321236022396,04/19/2022 15:40:00
YT2207321272056110,04/19/2022 15:40:00
YT2207321272058324,04/19/2022 15:40:00
YT2207321272061132,04/19/2022 15:40:00
YT2207321272064241,04/19/2022 15:40:00
YT2207321272071814,04/19/2022 15:40:00
YT2207321272080368,04/19/2022 15:40:00
YT2207321272080620,04/19/2022 15:40:00
YT2207321272081048,04/19/2022 15:40:00
YT2207321272085721,04/19/2022 15:40:00
YT2207321272089438,04/19/2022 15:40:00
YT2207321272092365,04/19/2022 15:40:00
YT2207321272092435,04/19/2022 15:40:00
YT2207321272095385,04/19/2022 15:40:00
YT2207321272097917,04/19/2022 15:40:00
YT2207321272097978,04/19/2022 15:40:00
YT2207321272100027,04/19/2022 15:40:00
YT2207321272102189,04/19/2022 15:40:00
YT2207321272103480,04/19/2022 15:40:00
YT2207321272112524,04/19/2022 15:40:00
YT2207321272112830,04/19/2022 15:40:00
YT2207321272113052,04/19/2022 15:40:00
YT2207321272117224,04/19/2022 15:40:00
YT2207321272119932,04/19/2022 15:40:00
YT2207321272120910,04/19/2022 15:40:00
YT2207321272124123,04/19/2022 15:40:00
YT2207321272124338,04/19/2022 15:40:00
YT2207321272126364,04/19/2022 15:40:00
YT2207321272130908,04/19/2022 15:40:00
YT2207321272133729,04/19/2022 15:40:00
YT2207321272133835,04/19/2022 15:40:00
YT2207321272134589,04/19/2022 15:40:00
YT2207321272142424,04/19/2022 15:40:00
YT2207321272148246,04/19/2022 15:40:00
YT2207321272149756,04/19/2022 15:40:00
YT2207321272153221,04/19/2022 15:40:00
YT2207321272161679,04/19/2022 15:40:00
YT2207321272164930,04/19/2022 15:40:00
YT2207321272169389,04/19/2022 15:40:00
YT2207321272170224,04/19/2022 15:40:00
YT2207321272170339,04/19/2022 15:40:00
YT2207321272170426,04/19/2022 15:40:00
YT2207321272184284,04/19/2022 15:40:00
YT2207321272184376,04/19/2022 15:40:00
YT2207321272185753,04/19/2022 15:40:00
YT2207321272187082,04/19/2022 15:40:00
YT2207321272187541,04/19/2022 15:40:00
YT2207321272193813,04/19/2022 15:40:00
YT2207321272194644,04/19/2022 15:40:00
YT2207321272195512,04/19/2022 15:40:00
YT2207321272200862,04/19/2022 15:40:00
YT2207321272201709,04/19/2022 15:40:00
YT2207321272202054,04/19/2022 15:40:00
YT2207321272202097,04/19/2022 15:40:00
YT2207321272202178,04/19/2022 15:40:00
YT2207321272204159,04/19/2022 15:40:00
YT2207321272204196,04/19/2022 15:40:00
YT2207321272206997,04/19/2022 15:40:00
YT2207321272208655,04/19/2022 15:40:00
YT2207321272208795,04/19/2022 15:40:00
YT2207321272211163,04/19/2022 15:40:00
YT2207321272216750,04/19/2022 15:40:00
YT2207321272216916,04/19/2022 15:40:00
YT2207321272217436,04/19/2022 15:40:00
YT2207321272219634,04/19/2022 15:40:00
YT2207321272219665,04/19/2022 15:40:00
YT2207321272221251,04/19/2022 15:40:00
YT2207321272221561,04/19/2022 15:40:00
